{"cameraMode":{"drawMode":0,"name":"Shaded","section":"Shading Mode"},"sceneLighting":false,"audioPlay":false,"sceneViewState":{"m_AlwaysRefresh":false,"showFog":true,"showSkybox":false,"showFlares":true,"showImageEffects":true,"showParticleSystems":true,"showVisualEffectGraphs":true,"m_FxEnabled":true},"in2DMode":false,"pivot":{"x":-1.9357330799102784,"y":0.37673822045326235,"z":1.1703588962554932},"rotation":{"x":-0.0010229598265141249,"y":0.9838322997093201,"z":-0.1790369302034378,"w":-0.0056046536192297939},"size":3.2946877479553224,"orthographic":false}